{"cifar100": {"knn": 0.6481, "rf": 0.6378, "svm": 0.6857, "lr": 0.6563}, "gtsrb": {"knn": 0.988756927949327, "rf": 0.988756927949327, "svm": 0.9877276326207443, "lr": 0.9884402216943785}, "imagenette": {"knn": 0.9895541401273885, "rf": 0.987515923566879, "svm": 0.9892993630573248, "lr": 0.9859872611464968}}